{
   "dashboards": [{
      "autoswitchEnabled": false,
      "columnCount": 1,
      "columnProportion": "1",
      "creationTime": 1564591700733,
      "dashboardNavigations": {},
      "description": "",
      "disabled": false,
      "gridsterMaxColumns": 12,
      "hidden": false,
      "homeTab": false,
      "id": "97404083-badd-4d73-b2b7-569f64ce0cfd",
      "importAttempts": 0,
      "importComplete": true,
      "isDefault": false,
      "locked": false,
      "name": "VM Require Restart Base on Uptime",
      "rank": 98,
      "shared": false,
      "states": [],
      "temporary": false,
      "userId": "17d8ac6b-3e85-45c0-a702-3dafe18a68a6",
      "widgetInteractions": [],
      "widgets": [
         {
            "collapsed": false,
            "config": {
               "chartViewItems": [],
               "isUpdatedView": true,
               "refreshContent": {"refreshContent": true},
               "refreshInterval": 300,
               "resource": {
                  "id": "Ext.vcops.chrome.model.Resource-17",
                  "resourceId": "resource:id:0_::_",
                  "resourceKindId": "002006VMWAREvSphere World",
                  "resourceName": "vSphere World",
                  "traversalSpecId": ""
               },
               "selectFirstRow": {"selectFirstRow": false},
               "selfProvider": {"selfProvider": true},
               "title": "VM Uptime above 365 days",
               "traversalSpecId": null,
               "viewDefinitionId": "c5e04621-51ec-44c4-9cc7-56fba04c7fe5"
            },
            "gridsterCoords": {
               "h": 6,
               "w": 8,
               "x": 1,
               "y": 1
            },
            "height": 324,
            "id": "49c9fd20-0180-44dd-ac04-134739760c54",
            "title": "VM Uptime above 365 days",
            "type": "View"
         },
         {
            "collapsed": false,
            "config": {
               "chartViewItems": [],
               "isUpdatedView": true,
               "refreshContent": {"refreshContent": true},
               "refreshInterval": 300,
               "resource": {
                  "id": "Ext.vcops.chrome.model.Resource-19",
                  "resourceId": "resource:id:0_::_",
                  "resourceKindId": "002006VMWAREvSphere World",
                  "resourceName": "vSphere World",
                  "traversalSpecId": ""
               },
               "selectFirstRow": {"selectFirstRow": false},
               "selfProvider": {"selfProvider": true},
               "title": "VM Uptime between 180 to 365 days",
               "traversalSpecId": null,
               "viewDefinitionId": "24c312ed-c14a-487d-8a2f-3f6b9a18e830"
            },
            "gridsterCoords": {
               "h": 6,
               "w": 8,
               "x": 1,
               "y": 7
            },
            "height": 324,
            "id": "798da36c-6224-4383-ba52-2ac13ef087fd",
            "title": "VM Uptime between 180 to 365 days",
            "type": "View"
         },
         {
            "collapsed": false,
            "config": {
               "chartViewItems": [],
               "isUpdatedView": true,
               "refreshContent": {"refreshContent": true},
               "refreshInterval": 300,
               "resource": {
                  "id": "Ext.vcops.chrome.model.Resource-21",
                  "resourceId": "resource:id:0_::_",
                  "resourceKindId": "002006VMWAREvSphere World",
                  "resourceName": "vSphere World",
                  "traversalSpecId": ""
               },
               "selectFirstRow": {"selectFirstRow": false},
               "selfProvider": {"selfProvider": true},
               "title": "VM Uptime between 90 to 180 days",
               "traversalSpecId": null,
               "viewDefinitionId": "26c7cd62-4ec9-4635-827e-68e986fe3f91"
            },
            "gridsterCoords": {
               "h": 5,
               "w": 8,
               "x": 1,
               "y": 13
            },
            "height": 268,
            "id": "0a3960c1-1588-4529-b575-efdc68e761fd",
            "title": "VM Uptime between 90 to 180 days",
            "type": "View"
         },
         {
            "collapsed": false,
            "config": {
               "configs": [{
                  "attributeKind": {"value": ""},
                  "color": {
                     "maxValue": 500,
                     "minValue": 90,
                     "thresholds": {
                        "colors": [
                           "#FFFF00",
                           "#888800",
                           "#ff0000"
                        ],
                        "values": [
                           0,
                           50,
                           100
                        ]
                     }
                  },
                  "colorBy": {
                     "metricKey": "Super Metric|sm_512c2d35-2d9d-4aec-a899-31ef94475305",
                     "value": "Super Metric|VM uptime in Days"
                  },
                  "customFilter": {
                     "excludedResources": null,
                     "filter": [],
                     "includedResources": null
                  },
                  "filterMode": "tagPicker",
                  "focusOnGroups": true,
                  "groupBy": {
                     "id": "004null002006VMWAREClusterComputeResource",
                     "originalText": "Cluster Compute Resource",
                     "parentId": "VMWARE",
                     "parentText": "vCenter Adapter",
                     "text": "Cluster Compute Resource",
                     "type": "resourceKind",
                     "typeId": "resourceKind:id:1_::_"
                  },
                  "mode": {"mode": false},
                  "name": "virtual machine uptime",
                  "relationalGrouping": false,
                  "resourceKind": "resourceKind:id:2_::_",
                  "sizeBy": {
                     "metricKey": "Super Metric|sm_512c2d35-2d9d-4aec-a899-31ef94475305",
                     "value": "Super Metric|VM uptime in Days"
                  },
                  "solidColoring": false,
                  "tagFilter": {
                     "path": ["/source/kind_resourceKind:id:0_::_/tag:resource:id:1_::_"],
                     "value": {
                        "adapterInstance": [],
                        "adapterKind": [],
                        "bus": [],
                        "collector": [],
                        "day": [],
                        "exclaim": false,
                        "healthRange": [],
                        "kind": [],
                        "maintenanceSchedule": [],
                        "state": [],
                        "status": [],
                        "tag": [["resource:id:1_::_"]],
                        "tier": []
                     }
                  },
                  "thenBy": null
               }],
               "depth": 10,
               "mode": "resource",
               "refreshContent": {"refreshContent": true},
               "refreshInterval": 300,
               "relationshipMode": {"relationshipMode": [
                  1,
                  -1,
                  0
               ]},
               "resource": [],
               "selfProvider": {"selfProvider": true},
               "title": "Heatmap of Longest VM Uptime",
               "value": 0
            },
            "gridsterCoords": {
               "h": 11,
               "w": 4,
               "x": 9,
               "y": 1
            },
            "height": 609,
            "id": "077fc56c-bfa3-48de-bf87-f136c460048f",
            "states": [
               {
                  "key": "perm_toolbarVisible_widget_97404083-badd-4d73-b2b7-569f64ce0cfd_077fc56c-bfa3-48de-bf87-f136c460048f",
                  "value": "b%3A0"
               },
               {
                  "key": "perm_HeatMap_widget_97404083-badd-4d73-b2b7-569f64ce0cfd_077fc56c-bfa3-48de-bf87-f136c460048f",
                  "value": "o%3A"
               }
            ],
            "title": "Heatmap of Longest VM Uptime",
            "type": "Heatmap"
         }
      ]
   }],
   "entries": {
      "resource": [
         {
            "adapterKindKey": "VMWARE",
            "identifiers": [],
            "internalId": "resource:id:1_::_",
            "name": "PoweredOn:all",
            "resourceKindKey": "VM Entity Status"
         },
         {
            "adapterKindKey": "VMWARE",
            "identifiers": [],
            "internalId": "resource:id:0_::_",
            "name": "vSphere World",
            "resourceKindKey": "vSphere World"
         }
      ],
      "resourceKind": [
         {
            "adapterKindKey": "VMWARE",
            "internalId": "resourceKind:id:2_::_",
            "resourceKindKey": "VirtualMachine"
         },
         {
            "adapterKindKey": "VMWARE",
            "internalId": "resourceKind:id:1_::_",
            "resourceKindKey": "ClusterComputeResource"
         },
         {
            "adapterKindKey": "VMWARE",
            "internalId": "resourceKind:id:0_::_",
            "resourceKindKey": "VM Entity Status"
         }
      ]
   },
   "uuid": "1d38cc84-22f3-4b52-9d04-339b51b9d67d"
}